{"i":10,"f":99.9000015258789,"b":true,"v":{"x":10.0,"y":20.5,"z":31.399999618530275},"str":"JSON Test String","iArray":[1,1,3,5,8,13,21,34,55],"iList":[0,2,4,6,8]}